{
  "id": 0,
  "background": "교실",
  "dialogs": [
    {
      "char": "teacher",
      "type": "line",
      "line": "여러분, 우리 반에 새로운 친구가 전학 왔어요!\n다들 사이 좋게 지내도록 해요~"
    },
    {
      "char": "choco",
      "type": "line",
      "line": "안녕! 나는 초코야. 너는 이름이 뭐야?"
    },
    {
      "char": "todragon",
      "type": "inputName"
    },
    {
      "char": "choco",
      "type": "line",
      "line": "잘 부탁해 {이름}아~"
    }
  ]
}